{
    "01-2017": 0.09040590405904059,
    "02-2017": 0.09480556344024979,
    "03-2017": 0.08217428328129435,
    "04-2017": 0.06854953164916265,
    "05-2017": 0.07011070110701106,
    "06-2017": 0.07692307692307693,
    "07-2017": 0.08572239568549532,
    "08-2017": 0.06003406187908033,
    "09-2017": 0.08458699971615101,
    "10-2017": 0.10161793925631564,
    "11-2017": 0.09721827987510645,
    "12-2017": 0.0878512631280159
}