{
    "01-2016": 0.029139936935957376,
    "02-2016": 0.02756333587039252,
    "03-2016": 0.022561704903772968,
    "04-2016": 0.028052625856257476,
    "05-2016": 0.02364901598347287,
    "06-2016": 0.024083940415352834,
    "07-2016": 0.024301402631292813,
    "08-2016": 0.02142002827008807,
    "09-2016": 0.02788952919430249,
    "10-2016": 0.029846689137762315,
    "11-2016": 0.028813743612047405,
    "12-2016": 0.030825269109492227,
    "01-2017": 0.034630857888441884,
    "02-2017": 0.036316190061976734,
    "03-2017": 0.031477655757312165,
    "04-2017": 0.026258562574752637,
    "05-2017": 0.026856583668587584,
    "06-2017": 0.029466130259867346,
    "07-2017": 0.032836794606937045,
    "08-2017": 0.02299662933565293,
    "09-2017": 0.032401870175057086,
    "10-2017": 0.0389257366532565,
    "11-2017": 0.03724040447972165,
    "12-2017": 0.03365227791671197,
    "01-2018": 0.03974121996303143,
    "02-2018": 0.03680548004784169,
    "03-2018": 0.02576927258888768,
    "04-2018": 0.028541915842122432,
    "05-2018": 0.026802218114602587,
    "06-2018": 0.03414156790257693,
    "07-2018": 0.029031205827987388,
    "08-2018": 0.016798956181363487,
    "09-2018": 0.024464499293247798,
    "10-2018": 0.018375557246928347,
    "11-2018": 0.01212351853865391,
    "12-2018": 0.006197673154289442
}