{
    "01-2016": 0.02824620573355818,
    "02-2016": 0.02671795952782462,
    "03-2016": 0.021869730185497472,
    "04-2016": 0.027192242833052275,
    "05-2016": 0.022923693086003373,
    "06-2016": 0.023345278246205733,
    "07-2016": 0.023556070826306914,
    "08-2016": 0.020763069139966273,
    "09-2016": 0.027034148397976392,
    "10-2016": 0.028931281618887014,
    "11-2016": 0.027930016863406407,
    "12-2016": 0.029879848229342327,
    "01-2017": 0.033568718381112986,
    "02-2017": 0.03520236087689713,
    "03-2017": 0.030512225969645868,
    "04-2017": 0.02545320404721754,
    "05-2017": 0.026032883642495785,
    "06-2017": 0.028562394603709948,
    "07-2017": 0.03182967959527824,
    "08-2017": 0.022291315345699832,
    "09-2017": 0.03140809443507588,
    "10-2017": 0.037731871838111296,
    "11-2017": 0.03609822934232715,
    "12-2017": 0.03262015177065767,
    "01-2018": 0.03852234401349072,
    "02-2018": 0.03567664418212479,
    "03-2018": 0.02497892074198988,
    "04-2018": 0.027666526138279933,
    "05-2018": 0.025980185497470488,
    "06-2018": 0.03309443507588533,
    "07-2018": 0.028140809443507588,
    "08-2018": 0.016283726812816188,
    "09-2018": 0.0237141652613828,
    "10-2018": 0.017811973018549747,
    "11-2018": 0.01175168634064081,
    "12-2018": 0.006007588532883642,
    "01-2019": 0.008326306913996627,
    "02-2019": 0.004900927487352445,
    "03-2019": 0.00474283305227656,
    "04-2019": 0.0036361720067453625,
    "05-2019": 0.00226602023608769,
    "06-2019": 0.0021079258010118043,
    "07-2019": 0.00226602023608769,
    "08-2019": 0.0005796795952782462,
    "09-2019": 0.00036888701517706575,
    "10-2019": 0.0005796795952782462,
    "11-2019": 0.0005796795952782462,
    "12-2019": 0.00031618887015177064
}